model,outcome,total_samples,weighted_absolute_error_sum,weighted_calibration_error,ECE
V4-A.2,Away,431,22.908813426123164,0.053152699364554905,0.053152699364554905
V4-A.2,Draw,431,15.385580491380525,0.035697402532205394,0.035697402532205394
V4-A.2,Home,431,23.541849637793476,0.05462146087655099,0.05462146087655099
V4-C,Away,431,23.910866625576155,0.05547764878323934,0.05547764878323934
V4-C,Draw,431,8.126313010030424,0.018854554547634395,0.018854554547634395
V4-C,Home,431,21.14899613323124,0.04906959659682422,0.04906959659682422
V4-D,Away,431,19.163676857580985,0.04446328737257769,0.04446328737257769
V4-D,Draw,431,7.010497100335844,0.016265654525141168,0.016265654525141168
V4-D,Home,431,19.1198844841071,0.04436168093760348,0.04436168093760348
