season,date,round,home_team,away_team,result,predicted_result,home_win_probability,draw_probability,away_win_probability,predicted_result_name,correct
2023-24,2023-11-29,Group stage,Arsenal,Lens,H,H,59.54801306343944,20.19430602820454,20.257680908356015,Home Win,True
2023-24,2023-11-29,Group stage,Bayern Munich,FC Copenhagen,D,H,67.28442518617805,17.282238755742718,15.433336058079233,Home Win,False
2023-24,2023-11-29,Group stage,Benfica,Inter,D,A,35.86507108475397,22.699354777976094,41.43557413726994,Away Win,False
2023-24,2023-11-29,Group stage,Braga,Union Berlin,D,H,51.03778397340646,20.089844042168288,28.87237198442526,Home Win,False
2023-24,2023-11-29,Group stage,Galatasaray,Manchester Utd,D,A,27.005586071086057,22.52112108724634,50.47329284166759,Away Win,False
2023-24,2023-11-29,Group stage,Real Madrid,Napoli,H,H,65.11199988975017,17.712010725739738,17.1759893845101,Home Win,True
2023-24,2023-11-29,Group stage,Real Sociedad,RB Salzburg,D,H,46.001313861722245,23.15816010925919,30.840526029018573,Home Win,False
2023-24,2023-11-29,Group stage,Sevilla,PSV,A,H,41.836328954664204,23.3834809681762,34.78019007715959,Home Win,False
2023-24,2023-12-12,Group stage,Manchester Utd,Bayern Munich,A,A,32.4628827270394,24.970923245955348,42.56619402700525,Away Win,True
2023-24,2023-12-12,Group stage,FC Copenhagen,Galatasaray,H,H,38.14290794710278,27.855112048975666,34.00198000392155,Home Win,True
2023-24,2023-12-12,Group stage,Inter,Real Sociedad,D,H,58.38554035999525,23.389826650163627,18.22463298984112,Home Win,False
2023-24,2023-12-12,Group stage,Lens,Sevilla,H,A,30.453094472052328,22.699818403920695,46.84708712402698,Away Win,False
2023-24,2023-12-12,Group stage,Napoli,Braga,H,H,61.65266256096395,21.38353524340514,16.96380219563091,Home Win,True
2023-24,2023-12-12,Group stage,PSV,Arsenal,D,A,26.31937245755761,22.517393612986915,51.16323392945547,Away Win,False
2023-24,2023-12-12,Group stage,Union Berlin,Real Madrid,A,A,20.32793720274908,16.88762258138967,62.784440215861245,Away Win,True
2023-24,2023-12-12,Group stage,RB Salzburg,Benfica,A,H,44.75743854313995,24.062576298889283,31.17998515797077,Home Win,False
2023-24,2023-12-13,Group stage,Dortmund,Paris SG,D,A,36.75980076728823,19.188878978155728,44.05132025455603,Away Win,False
2023-24,2023-12-13,Group stage,Red Star,Manchester City,A,A,17.249718844661217,18.797948824617002,63.952332330721774,Away Win,True
2023-24,2023-12-13,Group stage,Porto,Shakhtar D.,H,H,56.87506784560183,20.095437784073315,23.029494370324848,Home Win,True
2023-24,2023-12-13,Group stage,Newcastle,Milan,A,A,36.60195974577288,20.399699189235925,42.998341064991195,Away Win,True
2023-24,2023-12-13,Group stage,RB Leipzig,Young Boys,H,H,55.836928604147715,21.81068120814297,22.352390187709307,Home Win,True
2023-24,2023-12-13,Group stage,Celtic,Feyenoord,H,A,31.22086687050416,25.859471415026814,42.91966171446903,Away Win,False
2023-24,2023-12-13,Group stage,Atlético Madrid,Lazio,H,H,55.755852369150425,21.327896690878873,22.916250939970695,Home Win,True
2023-24,2023-12-13,Group stage,Antwerp,Barcelona,H,A,19.621426213503142,22.406391003047503,57.97218278344937,Away Win,False
2023-24,2024-02-13,Round of 16,RB Leipzig,Real Madrid,A,A,24.56317539150868,18.263043040892168,57.17378156759916,Away Win,True
2023-24,2024-02-13,Round of 16,FC Copenhagen,Manchester City,A,A,20.504319746022286,18.67219896543101,60.8234812885467,Away Win,True
2023-24,2024-02-14,Round of 16,Lazio,Bayern Munich,H,A,21.421299888334065,18.247395883909462,60.331304227756476,Away Win,False
2023-24,2024-02-14,Round of 16,Paris SG,Real Sociedad,H,H,61.98674445254453,19.114784649698233,18.898470897757225,Home Win,True
2023-24,2024-02-20,Round of 16,Inter,Atlético Madrid,H,H,48.54321079417721,20.595670171598144,30.861119034224636,Home Win,True
2023-24,2024-02-20,Round of 16,PSV,Dortmund,D,A,25.400037013426314,20.05764767898214,54.54231530759155,Away Win,False
2023-24,2024-02-21,Round of 16,Porto,Arsenal,H,H,47.27426052095108,20.09343685983922,32.6323026192097,Home Win,True
2023-24,2024-02-21,Round of 16,Napoli,Barcelona,D,A,33.496555017956034,19.831679664850974,46.67176531719299,Away Win,False
2023-24,2024-03-05,Round of 16,Real Sociedad,Paris SG,A,A,24.35859305376372,21.087249300224236,54.554157646012044,Away Win,True
2023-24,2024-03-05,Round of 16,Bayern Munich,Lazio,H,H,69.44686674018897,16.786820649428122,13.766312610382919,Home Win,True
2023-24,2024-03-06,Round of 16,Manchester City,FC Copenhagen,H,H,63.29575964987879,17.987867514090155,18.716372836031052,Home Win,True
2023-24,2024-03-06,Round of 16,Real Madrid,RB Leipzig,D,H,67.39140750462174,16.44238121291802,16.16621128246024,Home Win,False
2023-24,2024-03-12,Round of 16,Barcelona,Napoli,H,H,65.66977339999536,17.332790970835717,16.997435629168905,Home Win,True
2023-24,2024-03-12,Round of 16,Arsenal,Porto,H,H,53.6720588069125,18.14846604757706,28.17947514551043,Home Win,True
2023-24,2024-03-13,Round of 16,Atlético Madrid,Inter,H,H,58.65183349409734,18.757584631358224,22.590581874544434,Home Win,True
2023-24,2024-03-13,Round of 16,Dortmund,PSV,H,H,54.19560236538826,20.064441527762522,25.73995610684921,Home Win,True
2023-24,2024-04-09,Quarter-finals,Arsenal,Bayern Munich,D,A,28.898479714256464,20.07369679875559,51.02782348698794,Away Win,False
2023-24,2024-04-09,Quarter-finals,Real Madrid,Manchester City,D,H,55.89866420476658,20.173345996639863,23.92798979859357,Home Win,False
2023-24,2024-04-10,Quarter-finals,Atlético Madrid,Dortmund,H,H,46.090809792686386,19.5254502338645,34.38373997344912,Home Win,True
2023-24,2024-04-10,Quarter-finals,Paris SG,Barcelona,A,H,49.758010409182596,21.01137028429408,29.23061930652332,Home Win,False
2023-24,2024-04-16,Quarter-finals,Barcelona,Paris SG,A,H,61.076863265460325,18.49644270337015,20.42669403116953,Home Win,False
2023-24,2024-04-16,Quarter-finals,Dortmund,Atlético Madrid,H,H,56.20064590138961,20.898228126976353,22.90112597163403,Home Win,True
2023-24,2024-04-17,Quarter-finals,Bayern Munich,Arsenal,H,H,67.54665646467629,18.482632237370073,13.970711297953637,Home Win,True
2023-24,2024-04-17,Quarter-finals,Manchester City,Real Madrid,D,H,47.60490277042837,24.11316450179907,28.281932727772563,Home Win,False
2023-24,2024-04-30,Semi-finals,Bayern Munich,Real Madrid,D,H,57.31895339607272,21.731576638728573,20.9494699651987,Home Win,False
2023-24,2024-05-01,Semi-finals,Dortmund,Paris SG,H,A,37.04213372857764,18.59497336213486,44.36289290928751,Away Win,False
2023-24,2024-05-07,Semi-finals,Paris SG,Dortmund,A,H,63.90150189209478,18.536035388192843,17.562462719712386,Home Win,False
2023-24,2024-05-08,Semi-finals,Real Madrid,Bayern Munich,H,H,50.252059075351795,21.371157565308142,28.37678335934007,Home Win,True
2023-24,2024-06-01,Final,Dortmund,Real Madrid,A,A,31.20950173867597,19.95015422221685,48.84034403910719,Away Win,True
2024-25,2024-09-17,League phase,Bayern Munich,Dinamo Zagreb,H,H,72.2352686977561,15.683227577727688,12.081503724516214,Home Win,True
2024-25,2024-09-17,League phase,Juventus,PSV,H,H,51.68201723032438,20.985487331404425,27.3324954382712,Home Win,True
2024-25,2024-09-17,League phase,Milan,Liverpool,A,A,27.58532855201591,21.908542813240203,50.50612863474389,Away Win,True
2024-25,2024-09-17,League phase,Real Madrid,Stuttgart,H,H,68.20122423663516,19.192891115002,12.605884648362837,Home Win,True
2024-25,2024-09-17,League phase,Sporting CP,Lille,H,H,41.14291439486736,26.743446005929357,32.11363959920329,Home Win,True
2024-25,2024-09-17,League phase,Young Boys,Aston Villa,A,H,59.36121041152431,20.648902451103478,19.989887137372207,Home Win,False
2024-25,2024-09-18,League phase,Club Brugge,Dortmund,A,A,22.13853781756659,26.080275614842428,51.781186567590986,Away Win,True
2024-25,2024-09-18,League phase,Celtic,Slovan Bratislava,H,H,58.62624918776535,21.358608824034206,20.015141988200433,Home Win,True
2024-25,2024-09-18,League phase,Bologna,Shakhtar D.,D,A,35.42538445980016,28.197064307043274,36.37755123315657,Away Win,False
2024-25,2024-09-18,League phase,Paris SG,Girona,H,H,67.67468394848679,19.20589004046161,13.1194260110516,Home Win,True
2024-25,2024-09-18,League phase,Sparta Prague,RB Salzburg,H,H,46.075151802859956,31.542979967003287,22.381868230136757,Home Win,True
2024-25,2024-09-18,League phase,Manchester City,Inter,D,H,62.74560369700255,17.69903596336733,19.555360339630116,Home Win,False
2024-25,2024-09-19,League phase,Monaco,Barcelona,H,A,20.870326333331583,22.036440894886162,57.093232771782255,Away Win,False
2024-25,2024-09-19,League phase,Red Star,Benfica,A,A,21.175270421333064,23.218100808640056,55.60662877002688,Away Win,True
2024-25,2024-09-19,League phase,Feyenoord,Leverkusen,A,A,35.07807306980897,24.880865852426876,40.041061077764155,Away Win,True
2024-25,2024-09-19,League phase,Brest,Sturm Graz,H,H,57.51697060775853,24.51029161351376,17.972737778727705,Home Win,True
2024-25,2024-09-19,League phase,Atlético Madrid,RB Leipzig,H,H,46.03891631442348,22.421203907211613,31.53987977836491,Home Win,True
2024-25,2024-09-19,League phase,Atalanta,Arsenal,D,A,35.61055020109747,25.000953989076457,39.388495809826075,Away Win,False
2024-25,2024-10-01,League phase,RB Salzburg,Brest,A,H,52.31886508584787,21.144685066797948,26.53644984735419,Home Win,False
2024-25,2024-10-01,League phase,Stuttgart,Sparta Prague,D,A,22.461186429669077,19.86580756798609,57.67300600234483,Away Win,False
2024-25,2024-10-01,League phase,Slovan Bratislava,Manchester City,A,A,17.833265875898565,26.01948848043833,56.14724564366311,Away Win,True
2024-25,2024-10-01,League phase,Leverkusen,Milan,H,H,40.95685458944409,23.890049867391866,35.15309554316405,Home Win,True
2024-25,2024-10-01,League phase,PSV,Sporting CP,D,A,29.220466770370777,26.892268007610447,43.887265222018776,Away Win,False
2024-25,2024-10-01,League phase,Dortmund,Celtic,H,H,55.40072599326825,22.782878470016733,21.81639553671503,Home Win,True
2024-25,2024-10-01,League phase,Barcelona,Young Boys,H,H,70.15655701381328,17.566096982537903,12.277346003648818,Home Win,True
2024-25,2024-10-01,League phase,Arsenal,Paris SG,H,H,43.41591860857895,22.4102750723965,34.17380631902455,Home Win,True
2024-25,2024-10-01,League phase,Inter,Red Star,H,H,66.2714638868892,19.056266026102094,14.672270087008728,Home Win,True
2024-25,2024-10-02,League phase,Girona,Feyenoord,A,H,48.702731294430045,23.147745577381922,28.149523128188044,Home Win,False
2024-25,2024-10-02,League phase,Benfica,Atlético Madrid,H,H,45.90282195238256,21.895069232930332,32.2021088146871,Home Win,True
2024-25,2024-10-02,League phase,Dinamo Zagreb,Monaco,D,A,27.76220232725001,25.108734952097507,47.129062720652485,Away Win,False
2024-25,2024-10-02,League phase,Liverpool,Bologna,H,H,70.30474468295732,17.21154389661513,12.483711420427547,Home Win,True
2024-25,2024-10-02,League phase,Aston Villa,Bayern Munich,H,H,55.33277651357024,22.708671558889048,21.958551927540718,Home Win,True
2024-25,2024-10-02,League phase,RB Leipzig,Juventus,A,H,42.408583267035944,22.345318826265114,35.246097906698935,Home Win,False
2024-25,2024-10-02,League phase,Shakhtar D.,Atalanta,A,H,45.09884778086665,26.525572561987136,28.375579657146222,Home Win,False
2024-25,2024-10-02,League phase,Sturm Graz,Club Brugge,A,H,40.86372171248833,23.679216302516583,35.457061984995086,Home Win,False
2024-25,2024-10-02,League phase,Lille,Real Madrid,H,A,21.98395362009074,17.693511654722858,60.32253472518641,Away Win,False
2024-25,2024-10-22,League phase,Sturm Graz,Sporting CP,A,A,27.114154901397715,24.012304754591067,48.873540344011225,Away Win,True
2024-25,2024-10-22,League phase,Milan,Club Brugge,H,H,53.72237410933851,21.663989920839306,24.613635969822194,Home Win,True
2024-25,2024-10-22,League phase,Arsenal,Shakhtar D.,H,H,58.39839862196292,18.628685731986536,22.972915646050552,Home Win,True
2024-25,2024-10-22,League phase,Aston Villa,Bologna,H,H,74.31982989815367,14.861624327642827,10.818545774203503,Home Win,True
2024-25,2024-10-22,League phase,Girona,Slovan Bratislava,H,H,67.645362379887,16.477028001323852,15.87760961878914,Home Win,True
2024-25,2024-10-22,League phase,Juventus,Stuttgart,A,H,70.6647881462596,16.627225644612366,12.707986209128046,Home Win,False
2024-25,2024-10-22,League phase,Monaco,Red Star,H,H,61.37115636233179,19.245148089820294,19.383695547847918,Home Win,True
2024-25,2024-10-22,League phase,Paris SG,PSV,D,H,69.54773780551623,15.96246782063254,14.489794373851222,Home Win,False
2024-25,2024-10-22,League phase,Real Madrid,Dortmund,H,H,65.85140843204702,17.287291699179182,16.8612998687738,Home Win,True
2024-25,2024-10-23,League phase,Barcelona,Bayern Munich,H,A,38.35956877757369,20.046053445342736,41.594377777083565,Away Win,False
2024-25,2024-10-23,League phase,Benfica,Feyenoord,A,H,55.9709418815738,20.904038024222693,23.12502009420352,Home Win,False
2024-25,2024-10-23,League phase,Brest,Leverkusen,D,H,70.4449741823655,17.19305083207734,12.36197498555716,Home Win,False
2024-25,2024-10-23,League phase,Atlético Madrid,Lille,A,H,59.857187481449245,18.61515459820538,21.527657920345376,Home Win,False
2024-25,2024-10-23,League phase,Atalanta,Celtic,D,H,51.60634303116629,21.235751273596087,27.157905695237634,Home Win,False
2024-25,2024-10-23,League phase,Young Boys,Inter,A,A,22.72124044238433,22.43347011446032,54.84528944315535,Away Win,True
2024-25,2024-10-23,League phase,RB Leipzig,Liverpool,A,A,29.596693918604515,18.93313331004101,51.470172771354484,Away Win,True
2024-25,2024-10-23,League phase,RB Salzburg,Dinamo Zagreb,A,H,50.46695925925706,21.790396483986832,27.742644256756112,Home Win,False
2024-25,2024-10-23,League phase,Manchester City,Sparta Prague,H,H,58.87648845083591,19.88455651059314,21.238955038570946,Home Win,True
2024-25,2024-11-05,League phase,Bologna,Monaco,A,A,27.631968850024315,26.818804126297625,45.549227023678064,Away Win,True
2024-25,2024-11-05,League phase,Celtic,RB Leipzig,H,A,34.78318826945387,26.250030638094792,38.966781092451335,Away Win,False
2024-25,2024-11-05,League phase,Dortmund,Sturm Graz,H,H,69.3135369669287,17.612437780581487,13.074025252489802,Home Win,True
2024-25,2024-11-05,League phase,Sporting CP,Manchester City,H,A,33.054984785271515,20.692517308810682,46.25249790591781,Away Win,False
2024-25,2024-11-05,League phase,Lille,Juventus,D,A,25.60802264571861,22.267558097230488,52.1244192570509,Away Win,False
2024-25,2024-11-05,League phase,PSV,Girona,H,H,41.01135342091754,24.311066481465954,34.67758009761651,Home Win,True
2024-25,2024-11-05,League phase,Real Madrid,Milan,A,H,65.70320239191415,16.9238857354806,17.37291187260526,Home Win,False
2024-25,2024-11-05,League phase,Slovan Bratislava,Dinamo Zagreb,A,A,26.67863004629777,25.628013252619752,47.69335670108249,Away Win,True
2024-25,2024-11-05,League phase,Liverpool,Leverkusen,H,H,67.30637570655438,18.02538055248996,14.668243740955667,Home Win,True
2024-25,2024-11-06,League phase,Inter,Arsenal,H,H,41.656890662918684,20.108724040811335,38.23438529626998,Home Win,True
2024-25,2024-11-06,League phase,Bayern Munich,Benfica,H,H,65.12077164874903,17.764334486100346,17.114893865150623,Home Win,True
2024-25,2024-11-06,League phase,Club Brugge,Aston Villa,H,A,25.34521140162796,28.280317100248702,46.374471498123334,Away Win,False
2024-25,2024-11-06,League phase,Feyenoord,RB Salzburg,A,H,51.68554974376713,21.05081761969781,27.263632636535068,Home Win,False
2024-25,2024-11-06,League phase,Paris SG,Atlético Madrid,A,H,57.845621396081285,18.050077571717576,24.104301032201143,Home Win,False
2024-25,2024-11-06,League phase,Shakhtar D.,Young Boys,H,H,51.11931549384614,24.337807500041517,24.542877006112345,Home Win,True
2024-25,2024-11-06,League phase,Sparta Prague,Brest,A,A,35.2499948719521,20.026433417349665,44.72357171069824,Away Win,True
2024-25,2024-11-06,League phase,Stuttgart,Atalanta,A,A,34.39274718729423,29.97541944852452,35.63183336418125,Away Win,True
2024-25,2024-11-06,League phase,Red Star,Barcelona,A,A,16.934503732748922,18.652601509030838,64.41289475822025,Away Win,True
2024-25,2024-11-26,League phase,Barcelona,Brest,H,H,55.134978225600506,23.54586925882346,21.319152515576043,Home Win,True
2024-25,2024-11-26,League phase,Bayern Munich,Paris SG,H,H,65.60723200035407,17.66475698901401,16.72801101063191,Home Win,True
2024-25,2024-11-26,League phase,Leverkusen,RB Salzburg,H,H,47.98882225770035,23.66386099181266,28.347316750487,Home Win,True
2024-25,2024-11-26,League phase,Inter,RB Leipzig,H,H,52.24474035917772,22.521895475998477,25.23336416482381,Home Win,True
2024-25,2024-11-26,League phase,Young Boys,Atalanta,A,A,23.08170913105091,25.764957343544438,51.153333525404655,Away Win,True
2024-25,2024-11-26,League phase,Manchester City,Feyenoord,D,H,70.19768680904177,15.676395379116878,14.125917811841356,Home Win,False
2024-25,2024-11-26,League phase,Sparta Prague,Atlético Madrid,A,A,32.2191693831842,22.15406675325205,45.62676386356376,Away Win,True
2024-25,2024-11-26,League phase,Sporting CP,Arsenal,A,H,40.782028604149694,20.13250408870623,39.08546730714407,Home Win,False
2024-25,2024-11-26,League phase,Slovan Bratislava,Milan,A,A,16.773011292200444,23.358291628725464,59.868697079074096,Away Win,True
2024-25,2024-11-27,League phase,Sturm Graz,Girona,H,H,42.145747346496094,19.60593832125571,38.248314332248206,Home Win,True
2024-25,2024-11-27,League phase,Red Star,Stuttgart,H,A,30.92943899630572,28.37924856966302,40.69131243403127,Away Win,False
2024-25,2024-11-27,League phase,PSV,Shakhtar D.,H,A,30.776157898953638,26.096299273418687,43.127542827627664,Away Win,False
2024-25,2024-11-27,League phase,Monaco,Benfica,A,H,40.030068584327445,22.137689790988784,37.83224162468377,Home Win,False
2024-25,2024-11-27,League phase,Liverpool,Real Madrid,H,H,45.376537158541964,24.197581179286757,30.425881662171285,Home Win,True
2024-25,2024-11-27,League phase,Celtic,Club Brugge,D,H,41.81969999130495,23.42566949858682,34.75463051010823,Home Win,False
2024-25,2024-11-27,League phase,Bologna,Lille,A,A,27.808782639150813,29.085365246448657,43.105852114400534,Away Win,True
2024-25,2024-11-27,League phase,Aston Villa,Juventus,D,H,61.049894243074036,21.376325507043763,17.573780249882198,Home Win,False
2024-25,2024-11-27,League phase,Dinamo Zagreb,Dortmund,A,A,21.898497537480395,19.88278834082221,58.2187141216974,Away Win,True
2024-25,2024-12-10,League phase,Dinamo Zagreb,Celtic,D,A,30.853608532722,29.688132596403683,39.45825887087432,Away Win,False
2024-25,2024-12-10,League phase,Atalanta,Real Madrid,A,A,35.206598052770815,23.286251720892373,41.50715022633681,Away Win,True
2024-25,2024-12-10,League phase,Brest,PSV,H,H,56.41788454918915,21.014130743981795,22.567984706829066,Home Win,True
2024-25,2024-12-10,League phase,Club Brugge,Sporting CP,H,A,29.935454817028077,26.268161528935885,43.79638365403603,Away Win,False
2024-25,2024-12-10,League phase,Girona,Liverpool,A,A,20.416505786393913,17.903429851951135,61.68006436165495,Away Win,True
2024-25,2024-12-10,League phase,RB Salzburg,Paris SG,A,A,23.74414396085256,18.42486027026497,57.830995768882474,Away Win,True
2024-25,2024-12-10,League phase,Leverkusen,Inter,H,H,48.16927601976681,20.779730589241858,31.050993390991337,Home Win,True
2024-25,2024-12-10,League phase,Shakhtar D.,Bayern Munich,A,A,24.811519851492964,19.339269081728055,55.84921106677897,Away Win,True
2024-25,2024-12-10,League phase,RB Leipzig,Aston Villa,A,A,33.180841679469474,30.988829642369943,35.83032867816059,Away Win,True
2024-25,2024-12-11,League phase,Benfica,Bologna,D,H,64.35801053266252,20.075002092775453,15.566987374562007,Home Win,False
2024-25,2024-12-11,League phase,Arsenal,Monaco,H,H,61.34265622997205,18.378700177356926,20.278643592671024,Home Win,True
2024-25,2024-12-11,League phase,Dortmund,Barcelona,A,A,35.497728360318426,19.425788365357793,45.07648327432378,Away Win,True
2024-25,2024-12-11,League phase,Feyenoord,Sparta Prague,H,H,48.25929985552622,24.694280899816352,27.04641924465742,Home Win,True
2024-25,2024-12-11,League phase,Atlético Madrid,Slovan Bratislava,H,H,71.03980589444005,16.47916438919451,12.481029716365441,Home Win,True
2024-25,2024-12-11,League phase,Lille,Sturm Graz,H,H,58.02679549291203,21.730613588638263,20.242590918449704,Home Win,True
2024-25,2024-12-11,League phase,Milan,Red Star,H,H,62.79954493871425,18.45189370920819,18.74856135207756,Home Win,True
2024-25,2024-12-11,League phase,Stuttgart,Young Boys,H,H,43.312269626490234,22.257121960831387,34.43060841267837,Home Win,True
2024-25,2024-12-11,League phase,Juventus,Manchester City,H,H,41.726949844586855,19.467046814977007,38.80600334043614,Home Win,True
2024-25,2025-01-21,League phase,Atalanta,Sturm Graz,H,H,61.47478493654568,19.481697414731077,19.043517648723256,Home Win,True
2024-25,2025-01-21,League phase,Atlético Madrid,Leverkusen,H,H,52.705042748555684,19.327203423173135,27.96775382827118,Home Win,True
2024-25,2025-01-21,League phase,Benfica,Barcelona,A,A,25.76700668272977,20.20664628597297,54.02634703129726,Away Win,True
2024-25,2025-01-21,League phase,Club Brugge,Juventus,D,A,23.245923958653187,21.399402815223915,55.354673226122905,Away Win,False
2024-25,2025-01-21,League phase,Bologna,Dortmund,H,A,20.21784838235284,18.846124662784785,60.93602695486238,Away Win,False
2024-25,2025-01-21,League phase,Liverpool,Lille,H,H,69.04616030341207,16.782457993725092,14.171381702862835,Home Win,True
2024-25,2025-01-21,League phase,Red Star,PSV,A,A,26.98164163996849,27.008841866776002,46.00951649325552,Away Win,True
2024-25,2025-01-21,League phase,Slovan Bratislava,Stuttgart,A,A,18.746977173316793,23.768896198110596,57.48412662857261,Away Win,True
2024-25,2025-01-21,League phase,Monaco,Aston Villa,H,A,32.55600010710029,27.876736146239807,39.567263746659904,Away Win,False
2024-25,2025-01-22,League phase,Milan,Girona,H,H,61.52252951406726,19.225158268980582,19.252312216952156,Home Win,True
2024-25,2025-01-22,League phase,Arsenal,Dinamo Zagreb,H,H,66.08188323010259,18.38737706754236,15.530739702355042,Home Win,True
2024-25,2025-01-22,League phase,Celtic,Young Boys,H,H,44.19671291390151,24.528223657374074,31.275063428724426,Home Win,True
2024-25,2025-01-22,League phase,Feyenoord,Bayern Munich,H,A,23.819941106118158,17.095101808815322,59.08495708506651,Away Win,False
2024-25,2025-01-22,League phase,RB Leipzig,Sporting CP,H,A,37.77085845547068,21.29742456019363,40.9317169843357,Away Win,False
2024-25,2025-01-22,League phase,Paris SG,Manchester City,H,H,49.23792938081636,19.491373522492513,31.270697096691123,Home Win,True
2024-25,2025-01-22,League phase,Shakhtar D.,Brest,H,A,31.276606362803232,23.624531600264305,45.09886203693248,Away Win,False
2024-25,2025-01-22,League phase,Sparta Prague,Inter,A,A,22.478476507030933,25.722590630269902,51.798932862699154,Away Win,True
2024-25,2025-01-22,League phase,Real Madrid,RB Salzburg,H,H,71.98199693044621,14.774548946128627,13.243454123425163,Home Win,True
2024-25,2025-01-29,League phase,Inter,Monaco,H,H,55.68273195058159,21.71166671555417,22.605601333864243,Home Win,True
2024-25,2025-01-29,League phase,Aston Villa,Celtic,H,H,58.59503904221658,23.242322568528966,18.16263838925446,Home Win,True
2024-25,2025-01-29,League phase,Barcelona,Atalanta,D,H,64.98690360493138,19.150527124557126,15.862569270511488,Home Win,False
2024-25,2025-01-29,League phase,Bayern Munich,Slovan Bratislava,H,H,72.98518425461467,16.184544920727088,10.830270824658246,Home Win,True
2024-25,2025-01-29,League phase,Dinamo Zagreb,Milan,H,A,25.80910399110332,26.635027080107264,47.555868928789415,Away Win,False
2024-25,2025-01-29,League phase,Dortmund,Shakhtar D.,H,H,54.87469547012714,20.992150950018875,24.133153579853985,Home Win,True
2024-25,2025-01-29,League phase,Girona,Arsenal,A,A,20.246621899576372,18.39511128991081,61.358266810512816,Away Win,True
2024-25,2025-01-29,League phase,Juventus,Benfica,A,H,58.02459648479454,20.38385976557117,21.5915437496343,Home Win,False
2024-25,2025-01-29,League phase,Brest,Real Madrid,A,H,41.17972953986372,22.741916830699623,36.07835362943666,Home Win,False
2024-25,2025-01-29,League phase,PSV,Liverpool,H,A,28.994274741103286,20.974568630760025,50.031156628136685,Away Win,False
2024-25,2025-01-29,League phase,Manchester City,Club Brugge,H,H,62.43819587366002,19.9326931545785,17.629110971761467,Home Win,True
2024-25,2025-01-29,League phase,RB Salzburg,Atlético Madrid,A,A,27.996867535111626,26.93965069759157,45.06348176729681,Away Win,True
2024-25,2025-01-29,League phase,Sporting CP,Bologna,D,H,60.70916074352988,22.14568764695058,17.145151609519534,Home Win,False
2024-25,2025-01-29,League phase,Sturm Graz,RB Leipzig,H,A,27.164976660479333,25.05331417785789,47.781709161662775,Away Win,False
2024-25,2025-01-29,League phase,Stuttgart,Paris SG,A,A,32.94135067232834,20.221304572346156,46.837344755325496,Away Win,True
2024-25,2025-01-29,League phase,Young Boys,Red Star,A,A,34.51529354164558,26.339715452123773,39.14499100623064,Away Win,True
2024-25,2025-01-29,League phase,Lille,Feyenoord,H,H,38.4445446466565,29.347088899440788,32.20836645390271,Home Win,True
2024-25,2025-01-29,League phase,Leverkusen,Sparta Prague,H,H,62.38627906428079,20.922137997208974,16.691582938510237,Home Win,True
2024-25,2025-02-11,Knockout phase play-offs,Sporting CP,Dortmund,A,A,34.31850091796102,23.67082376810991,42.01067531392908,Away Win,True
2024-25,2025-02-11,Knockout phase play-offs,Manchester City,Real Madrid,A,H,45.32020120616821,25.795551263809845,28.884247530021952,Home Win,False
2024-25,2025-02-11,Knockout phase play-offs,Juventus,PSV,H,H,51.82420422621804,23.253477549983074,24.922318223798882,Home Win,True
2024-25,2025-02-11,Knockout phase play-offs,Brest,Paris SG,A,A,30.61856933634804,20.83465157660153,48.546779087050425,Away Win,True
2024-25,2025-02-12,Knockout phase play-offs,Monaco,Benfica,A,H,39.77423100203032,25.155244939592276,35.070524058377416,Home Win,False
2024-25,2025-02-12,Knockout phase play-offs,Feyenoord,Milan,H,H,48.08057161118966,21.869563465289506,30.049864923520843,Home Win,True
2024-25,2025-02-12,Knockout phase play-offs,Celtic,Bayern Munich,A,A,21.648040272261653,16.0602155508717,62.29174417686665,Away Win,True
2024-25,2025-02-12,Knockout phase play-offs,Club Brugge,Atalanta,H,A,34.470781851272505,24.48192017388641,41.04729797484108,Away Win,False
2024-25,2025-02-18,Knockout phase play-offs,Atalanta,Club Brugge,A,H,56.1018859396067,23.06019845079275,20.83791560960054,Home Win,False
2024-25,2025-02-18,Knockout phase play-offs,Bayern Munich,Celtic,D,H,69.08336398334033,17.488195283848047,13.428440732811625,Home Win,False
2024-25,2025-02-18,Knockout phase play-offs,Benfica,Monaco,D,H,51.58265363829454,23.47238795130626,24.944958410399202,Home Win,False
2024-25,2025-02-18,Knockout phase play-offs,Milan,Feyenoord,D,H,43.974922138003606,28.352151522837698,27.6729263391587,Home Win,False
2024-25,2025-02-19,Knockout phase play-offs,Real Madrid,Manchester City,H,H,60.360789479866796,20.15045024639474,19.48876027373846,Home Win,True
2024-25,2025-02-19,Knockout phase play-offs,Dortmund,Sporting CP,D,H,57.23279724967011,20.003858895083294,22.7633438552466,Home Win,False
2024-25,2025-02-19,Knockout phase play-offs,PSV,Juventus,H,A,29.892197931068427,23.184869942538626,46.92293212639294,Away Win,False
2024-25,2025-02-19,Knockout phase play-offs,Paris SG,Brest,H,H,68.82506664361071,17.50661986205011,13.668313494339174,Home Win,True
2024-25,2025-03-04,Round of 16,Dortmund,Lille,D,H,56.810777827057656,20.430286073139108,22.75893609980324,Home Win,False
2024-25,2025-03-04,Round of 16,Club Brugge,Aston Villa,A,A,32.026504040152346,22.881013430919985,45.09248252892766,Away Win,True
2024-25,2025-03-04,Round of 16,PSV,Arsenal,A,A,28.70330949629192,21.232132669459343,50.064557834248745,Away Win,True
2024-25,2025-03-04,Round of 16,Real Madrid,Atlético Madrid,H,H,59.63943938208812,20.14834378954938,20.212216828362493,Home Win,True
2024-25,2025-03-05,Round of 16,Bayern Munich,Leverkusen,H,H,66.70517029887246,16.884338291431813,16.41049140969574,Home Win,True
2024-25,2025-03-05,Round of 16,Benfica,Barcelona,A,A,27.860814451962124,19.947559335776543,52.19162621226133,Away Win,True
2024-25,2025-03-05,Round of 16,Feyenoord,Inter,A,H,47.91531649177309,21.353325126818987,30.731358381407915,Home Win,False
2024-25,2025-03-05,Round of 16,Paris SG,Liverpool,A,H,51.582103719286785,21.515303639976864,26.902592640736362,Home Win,False
2024-25,2025-03-11,Round of 16,Leverkusen,Bayern Munich,A,A,31.716847884039527,20.223588400745705,48.05956371521477,Away Win,True
2024-25,2025-03-11,Round of 16,Barcelona,Benfica,H,H,64.30648485021327,18.37741247903668,17.316102670750062,Home Win,True
2024-25,2025-03-11,Round of 16,Inter,Feyenoord,H,H,58.62715601839472,22.26606434070714,19.106779640898143,Home Win,True
2024-25,2025-03-11,Round of 16,Liverpool,Paris SG,A,H,59.613268308034314,20.43266538389715,19.954066308068537,Home Win,False
2024-25,2025-03-12,Round of 16,Lille,Dortmund,A,A,28.985916219493046,22.50494286302141,48.50914091748554,Away Win,True
2024-25,2025-03-12,Round of 16,Atlético Madrid,Real Madrid,H,H,40.93213392591542,21.99242873879109,37.07543733529348,Home Win,True
2024-25,2025-03-12,Round of 16,Aston Villa,Club Brugge,H,H,66.27504486735786,19.341747898043987,14.383207234598144,Home Win,True
2024-25,2025-03-12,Round of 16,Arsenal,PSV,D,H,61.60530628244793,20.706085590906373,17.688608126645693,Home Win,False
2024-25,2025-04-08,Quarter-finals,Bayern Munich,Inter,A,H,64.67321463797025,17.76841889223844,17.55836646979131,Home Win,False
2024-25,2025-04-08,Quarter-finals,Arsenal,Real Madrid,H,A,33.700557735810335,21.134157244202274,45.165285019987394,Away Win,False
2024-25,2025-04-09,Quarter-finals,Paris SG,Aston Villa,H,H,48.99866033182933,24.74949813050496,26.251841537665705,Home Win,True
2024-25,2025-04-09,Quarter-finals,Barcelona,Dortmund,H,H,61.68655777106397,17.87618439072839,20.437257838207636,Home Win,True
2024-25,2025-04-15,Quarter-finals,Aston Villa,Paris SG,H,H,56.03501716053514,20.690826039651437,23.27415679981342,Home Win,True
2024-25,2025-04-15,Quarter-finals,Dortmund,Barcelona,H,H,40.23524049556848,20.77262530975924,38.992134194672275,Home Win,True
2024-25,2025-04-16,Quarter-finals,Inter,Bayern Munich,D,A,38.565067566224876,21.30679871811673,40.128133715658386,Away Win,False
2024-25,2025-04-16,Quarter-finals,Real Madrid,Arsenal,A,H,63.228635798353814,19.11417274534719,17.657191456299003,Home Win,False
2024-25,2025-04-29,Semi-finals,Arsenal,Paris SG,A,H,50.45717061467215,21.41387459560012,28.128954789727732,Home Win,False
2024-25,2025-04-30,Semi-finals,Barcelona,Inter,D,H,64.7100435001011,17.491360051595368,17.79859644830352,Home Win,False
2024-25,2025-05-06,Semi-finals,Inter,Barcelona,H,H,42.805144526638074,21.14976906704585,36.04508640631609,Home Win,True
2024-25,2025-05-07,Semi-finals,Paris SG,Arsenal,H,H,61.72408552128543,18.90330186655352,19.372612612161063,Home Win,True
2024-25,2025-05-31,Final,Paris SG,Inter,H,H,58.592249221009965,17.944450772370388,23.463300006619654,Home Win,True
2025-26,2025-09-16,League phase,Athletic Club,Arsenal,A,A,26.42645454386427,26.42123173445788,47.15231372167786,Away Win,True
2025-26,2025-09-16,League phase,Benfica,Qarabağ,A,H,59.3322220326091,21.297491874106882,19.370286093283994,Home Win,False
2025-26,2025-09-16,League phase,Juventus,Dortmund,D,H,44.945654569058604,19.87653446773481,35.17781096320658,Home Win,False
2025-26,2025-09-16,League phase,PSV,Union SG,A,H,58.580392209197186,24.673280551008762,16.746327239794066,Home Win,False
2025-26,2025-09-16,League phase,Real Madrid,Marseille,H,H,66.76827675055705,16.196207929114106,17.03551532032886,Home Win,True
2025-26,2025-09-16,League phase,Tottenham,Villarreal,H,H,51.49291690291285,19.963461490711047,28.543621606376103,Home Win,True
2025-26,2025-09-17,League phase,Liverpool,Atlético Madrid,H,H,53.40713557442347,20.02398635275701,26.56887807281952,Home Win,True
2025-26,2025-09-17,League phase,Bayern Munich,Chelsea,H,H,61.48886472342057,19.68060381453953,18.8305314620399,Home Win,True
2025-26,2025-09-17,League phase,Ajax,Inter,A,H,41.70410321694436,23.758674916103313,34.53722186695233,Home Win,False
2025-26,2025-09-17,League phase,Olympiacos,Pafos FC,D,H,59.34503890536577,21.294858697969925,19.36010239666431,Home Win,False
2025-26,2025-09-17,League phase,Paris SG,Atalanta,H,H,63.711558608455036,18.353023450819432,17.935417940725547,Home Win,True
2025-26,2025-09-17,League phase,Slavia Prague,Bodø/Glimt,D,H,57.49747089330668,21.042115021961312,21.46041408473201,Home Win,False
2025-26,2025-09-18,League phase,Club Brugge,Monaco,H,A,32.10669786060018,28.122571044851902,39.770731094547926,Away Win,False
2025-26,2025-09-18,League phase,FC Copenhagen,Leverkusen,D,A,26.881496830165712,27.68945620308913,45.429046966745155,Away Win,False
2025-26,2025-09-18,League phase,Frankfurt,Galatasaray,H,A,32.451107339781096,28.578362626859068,38.97053003335984,Away Win,False
2025-26,2025-09-18,League phase,Manchester City,Napoli,H,H,54.83265626794163,19.097714742593645,26.06962898946472,Home Win,True
2025-26,2025-09-18,League phase,Newcastle,Barcelona,A,A,22.617588194485812,23.11391546011158,54.2684963454026,Away Win,True
2025-26,2025-09-18,League phase,Sporting CP,FC Kairat,H,H,60.491994381737655,21.849787484116383,17.658218134145958,Home Win,True
2025-26,2025-09-30,League phase,Atalanta,Club Brugge,H,H,48.817720611366056,25.108726153616185,26.073553235017755,Home Win,True
2025-26,2025-09-30,League phase,Atlético Madrid,Frankfurt,H,H,60.85383110588671,21.536095355023672,17.61007353908962,Home Win,True
2025-26,2025-09-30,League phase,Chelsea,Benfica,H,H,57.13222927975454,19.459709510996507,23.408061209248952,Home Win,True
2025-26,2025-09-30,League phase,Bodø/Glimt,Tottenham,D,A,31.660576435894683,24.416394506048512,43.9230290580568,Away Win,False
2025-26,2025-09-30,League phase,FC Kairat,Real Madrid,A,A,17.331259695926473,22.197898218667305,60.470842085406204,Away Win,True
2025-26,2025-09-30,League phase,Marseille,Ajax,H,A,35.55288693984707,25.252315378015965,39.19479768213696,Away Win,False
2025-26,2025-09-30,League phase,Galatasaray,Liverpool,H,A,20.170191020440864,17.77503347819696,62.05477550136218,Away Win,False
2025-26,2025-09-30,League phase,Pafos FC,Bayern Munich,A,A,19.805309760282526,17.734960302980507,62.45972993673696,Away Win,True
2025-26,2025-09-30,League phase,Inter,Slavia Prague,H,H,61.17478494282016,22.938778446458798,15.88643661072105,Home Win,True
2025-26,2025-10-01,League phase,Barcelona,Paris SG,A,H,57.988946446632525,19.74106897096425,22.26998458240322,Home Win,False
2025-26,2025-10-01,League phase,Dortmund,Athletic Club,H,H,59.52841207374118,18.673350089410565,21.798237836848244,Home Win,True
2025-26,2025-10-01,League phase,Leverkusen,PSV,D,H,40.630932111793285,25.618231738609698,33.75083614959702,Home Win,False
2025-26,2025-10-01,League phase,Monaco,Manchester City,D,A,24.66507192395106,19.60492255396813,55.7300055220808,Away Win,False
2025-26,2025-10-01,League phase,Arsenal,Olympiacos,H,H,66.60485475034507,17.734146452625122,15.660998797029812,Home Win,True
2025-26,2025-10-01,League phase,Qarabağ,FC Copenhagen,H,A,30.11056788275212,26.415654890845612,43.47377722640228,Away Win,False
2025-26,2025-10-01,League phase,Union SG,Newcastle,A,H,68.10363988731483,15.963574885674864,15.932785227010305,Home Win,False
2025-26,2025-10-01,League phase,Villarreal,Juventus,D,A,24.491348990263386,20.617905341183892,54.89074566855272,Away Win,False
2025-26,2025-10-01,League phase,Napoli,Sporting CP,H,H,54.52216817544894,22.00354479311397,23.474287031437086,Home Win,True
2025-26,2025-10-21,League phase,Leverkusen,Paris SG,A,A,24.864540623207265,19.928440399440852,55.20701897735189,Away Win,True
2025-26,2025-10-21,League phase,Arsenal,Atlético Madrid,H,H,55.19425197578135,18.41275398072584,26.392994043492806,Home Win,True
2025-26,2025-10-21,League phase,Barcelona,Olympiacos,H,H,69.67734954769445,15.429778363986996,14.89287208831857,Home Win,True
2025-26,2025-10-21,League phase,FC Kairat,Pafos FC,D,H,50.25403183458528,24.32151877329101,25.42444939212371,Home Win,False
2025-26,2025-10-21,League phase,FC Copenhagen,Dortmund,A,A,21.239349403018988,19.92295033035547,58.83770026662554,Away Win,True
2025-26,2025-10-21,League phase,PSV,Napoli,H,A,26.88506290795833,20.390446527335424,52.72449056470624,Away Win,False
2025-26,2025-10-21,League phase,Union SG,Inter,A,A,31.714306600743942,27.691606129598608,40.59408726965746,Away Win,True
2025-26,2025-10-21,League phase,Villarreal,Manchester City,A,A,20.496625583842118,17.97268148720586,61.530692928952014,Away Win,True
2025-26,2025-10-21,League phase,Newcastle,Benfica,H,H,47.97004999596777,21.07118821990602,30.958761784126203,Home Win,True
2025-26,2025-10-22,League phase,Real Madrid,Juventus,H,H,64.21121581016529,17.6420963996708,18.146687790163906,Home Win,True
2025-26,2025-10-22,League phase,Monaco,Tottenham,D,A,24.16743139431674,20.272510769316227,55.56005783636704,Away Win,False
2025-26,2025-10-22,League phase,Galatasaray,Bodø/Glimt,H,H,43.901106309679115,27.095516055513478,29.00337763480741,Home Win,True
2025-26,2025-10-22,League phase,Frankfurt,Liverpool,A,A,24.913499412536915,18.643599025822546,56.44290156164053,Away Win,True
2025-26,2025-10-22,League phase,Athletic Club,Qarabağ,H,H,46.369392431244485,25.001927690613968,28.62867987814155,Home Win,True
2025-26,2025-10-22,League phase,Bayern Munich,Club Brugge,H,H,69.10590968292384,15.228474630026556,15.665615687049605,Home Win,True
2025-26,2025-10-22,League phase,Atalanta,Slavia Prague,D,H,63.604000362697874,18.88103080399848,17.514968833303644,Home Win,False
2025-26,2025-10-22,League phase,Sporting CP,Marseille,H,H,47.74811259304791,23.181844054374313,29.07004335257778,Home Win,True
2025-26,2025-10-22,League phase,Chelsea,Ajax,H,H,64.50078036285427,17.476282954695986,18.022936682449735,Home Win,True
2025-26,2025-11-04,League phase,Napoli,Frankfurt,D,H,61.9383594934412,21.673671109451337,16.387969397107476,Home Win,False
2025-26,2025-11-04,League phase,Liverpool,Real Madrid,H,H,50.91873940427294,24.02416169203793,25.05709890368913,Home Win,True
2025-26,2025-11-04,League phase,Atlético Madrid,Union SG,H,H,68.22012064275737,18.19922332218134,13.580656035061288,Home Win,True
2025-26,2025-11-04,League phase,Olympiacos,PSV,D,A,30.12816471852687,24.96493602756224,44.906899253910886,Away Win,False
2025-26,2025-11-04,League phase,Juventus,Sporting CP,D,H,54.918385049634,21.709075733447875,23.372539216918124,Home Win,False
2025-26,2025-11-04,League phase,Paris SG,Bayern Munich,A,H,42.40124630755201,22.589836004678048,35.008917687769944,Home Win,False
2025-26,2025-11-04,League phase,Bodø/Glimt,Monaco,A,H,41.06403240523182,22.78808176477078,36.147885829997406,Home Win,False
2025-26,2025-11-04,League phase,Slavia Prague,Arsenal,A,A,20.382777776857335,19.14510940529976,60.472112817842905,Away Win,True
2025-26,2025-11-04,League phase,Tottenham,FC Copenhagen,H,H,58.18052136475148,21.319214339451893,20.500264295796633,Home Win,True
2025-26,2025-11-05,League phase,Ajax,Galatasaray,A,H,47.62325714548392,23.748165485262646,28.62857736925343,Home Win,False
2025-26,2025-11-05,League phase,Benfica,Leverkusen,A,H,44.791249868444716,20.59785310270172,34.610897028853564,Home Win,False
2025-26,2025-11-05,League phase,Club Brugge,Barcelona,D,A,20.684241475589012,17.03278504356544,62.28297348084555,Away Win,False
2025-26,2025-11-05,League phase,Inter,FC Kairat,H,H,73.26845729340853,15.595910913517066,11.135631793074399,Home Win,True
2025-26,2025-11-05,League phase,Manchester City,Dortmund,H,H,62.22719698306002,18.09031857471081,19.682484442229168,Home Win,True
2025-26,2025-11-05,League phase,Marseille,Atalanta,A,A,33.881500564824,24.762356902955723,41.35614253222029,Away Win,True
2025-26,2025-11-05,League phase,Newcastle,Athletic Club,H,H,58.32505346237025,21.116045955292545,20.55890058233721,Home Win,True
2025-26,2025-11-05,League phase,Pafos FC,Villarreal,H,A,34.613899588876585,26.840317504898646,38.54578290622477,Away Win,False
2025-26,2025-11-05,League phase,Qarabağ,Chelsea,D,A,19.72673833095072,18.508510034827005,61.76475163422227,Away Win,False
2025-26,2025-11-25,League phase,Chelsea,Barcelona,H,H,44.636899955103274,20.143973541258546,35.21912650363819,Home Win,True
2025-26,2025-11-25,League phase,Ajax,Benfica,A,H,51.76801494350167,20.354406959090987,27.877578097407334,Home Win,False
2025-26,2025-11-25,League phase,Dortmund,Villarreal,H,H,61.15566941190714,18.298447788492762,20.545882799600086,Home Win,True
2025-26,2025-11-25,League phase,Galatasaray,Union SG,A,H,56.83652328985175,21.104359910220776,22.059116799927477,Home Win,False
2025-26,2025-11-25,League phase,Bodø/Glimt,Juventus,A,A,26.168947758888056,23.99069130796285,49.84036093314909,Away Win,True
2025-26,2025-11-25,League phase,Marseille,Newcastle,H,A,32.17750888305092,22.486575197748355,45.335915919200716,Away Win,False
2025-26,2025-11-25,League phase,Napoli,Qarabağ,H,H,57.26915838297874,21.32621370771519,21.404627909306072,Home Win,True
2025-26,2025-11-25,League phase,Manchester City,Leverkusen,A,H,63.44698761379715,16.398899527599845,20.154112858603018,Home Win,False
2025-26,2025-11-25,League phase,Slavia Prague,Athletic Club,D,A,27.352784085152283,22.957592000951923,49.68962391389579,Away Win,False
2025-26,2025-11-26,League phase,Atlético Madrid,Inter,H,H,53.80123494917564,17.88508331605241,28.313681734771954,Home Win,True
2025-26,2025-11-26,League phase,FC Copenhagen,FC Kairat,H,H,63.73343560107845,18.058796766239595,18.207767632681954,Home Win,True
2025-26,2025-11-26,League phase,Frankfurt,Atalanta,A,A,26.690753035102954,23.73935675167355,49.56989021322348,Away Win,True
2025-26,2025-11-26,League phase,Liverpool,PSV,A,H,68.02792675384475,16.483033226327326,15.489040019827922,Home Win,False
2025-26,2025-11-26,League phase,Arsenal,Bayern Munich,H,A,34.58109179348714,21.200529860333894,44.218378346178966,Away Win,False
2025-26,2025-11-26,League phase,Pafos FC,Monaco,D,A,32.12440710493957,23.69606911037897,44.17952378468145,Away Win,False
2025-26,2025-11-26,League phase,Paris SG,Tottenham,H,H,62.44560205100098,17.416701522401446,20.13769642659757,Home Win,True
2025-26,2025-11-26,League phase,Sporting CP,Club Brugge,H,H,50.424761811737476,21.59604840197687,27.97918978628567,Home Win,True
2025-26,2025-11-26,League phase,Olympiacos,Real Madrid,A,A,19.27722055263094,16.937410916138212,63.78536853123084,Away Win,True
2025-26,2025-12-09,League phase,Inter,Liverpool,A,H,43.214357856592436,21.40759118974033,35.37805095366723,Home Win,False
2025-26,2025-12-09,League phase,Barcelona,Frankfurt,H,H,71.44521850700342,16.1858390842829,12.368942408713687,Home Win,True
2025-26,2025-12-09,League phase,Bayern Munich,Sporting CP,H,H,64.47014906195177,18.980084364424574,16.549766573623646,Home Win,True
2025-26,2025-12-09,League phase,FC Kairat,Olympiacos,A,A,27.8635186844025,23.962411073547983,48.174070242049524,Away Win,True
2025-26,2025-12-09,League phase,Atalanta,Chelsea,H,H,42.70216893127278,22.502048314848157,34.79578275387906,Home Win,True
2025-26,2025-12-09,League phase,PSV,Atlético Madrid,A,H,40.72388736074048,25.44435795383692,33.8317546854226,Home Win,False
2025-26,2025-12-09,League phase,Tottenham,Slavia Prague,H,H,65.33100849855076,20.593825654419245,14.075165847029986,Home Win,True
2025-26,2025-12-09,League phase,Union SG,Marseille,A,H,37.71242704792835,24.941511979545794,37.346060972525855,Home Win,False
2025-26,2025-12-09,League phase,Monaco,Galatasaray,H,H,40.15482095570256,27.385865836067037,32.4593132082304,Home Win,True
2025-26,2025-12-10,League phase,Club Brugge,Arsenal,A,A,22.496765200280468,18.0734570906941,59.42977770902542,Away Win,True
2025-26,2025-12-10,League phase,Dortmund,Bodø/Glimt,D,H,64.59744100030088,18.009155497483356,17.39340350221575,Home Win,False
2025-26,2025-12-10,League phase,Athletic Club,Paris SG,D,A,19.336200714647468,17.898562730330426,62.7652365550221,Away Win,False
2025-26,2025-12-10,League phase,Villarreal,FC Copenhagen,A,A,38.00595735324699,21.81282195575268,40.18122069100033,Away Win,True
2025-26,2025-12-10,League phase,Benfica,Napoli,H,A,33.1684717397451,20.53405495950476,46.29747330075015,Away Win,False
2025-26,2025-12-10,League phase,Leverkusen,Newcastle,D,H,46.926972392189015,21.56994701729186,31.50308059051913,Home Win,False
2025-26,2025-12-10,League phase,Qarabağ,Ajax,A,A,35.481442791663284,24.905454969075006,39.61310223926172,Away Win,True
2025-26,2025-12-10,League phase,Real Madrid,Manchester City,A,H,57.808688079951644,19.44286459703252,22.748447323015835,Home Win,False
2025-26,2025-12-10,League phase,Juventus,Pafos FC,H,H,59.85815617385847,20.52525899173902,19.61658483440251,Home Win,True
2025-26,2026-01-20,League phase,Inter,Arsenal,A,A,38.33598328709945,19.29174472770007,42.37227198520047,Away Win,True
2025-26,2026-01-20,League phase,Bodø/Glimt,Manchester City,H,A,23.274625460277978,19.942250342300166,56.78312419742184,Away Win,False
2025-26,2026-01-20,League phase,FC Copenhagen,Napoli,D,A,26.924376367305108,21.78264460485509,51.29297902783979,Away Win,False
2025-26,2026-01-20,League phase,FC Kairat,Club Brugge,A,A,33.26577100822005,25.91032013031253,40.8239088614674,Away Win,True
2025-26,2026-01-20,League phase,Olympiacos,Leverkusen,H,A,35.94149203130504,23.691994230538544,40.36651373815642,Away Win,False
2025-26,2026-01-20,League phase,Sporting CP,Paris SG,H,A,30.57945312151711,19.523080313055985,49.89746656542691,Away Win,False
2025-26,2026-01-20,League phase,Tottenham,Dortmund,H,H,50.01622103722344,18.915689923783955,31.068089038992614,Home Win,True
2025-26,2026-01-20,League phase,Villarreal,Ajax,A,A,28.146828954338243,24.372876484884582,47.48029456077717,Away Win,True
2025-26,2026-01-20,League phase,Real Madrid,Monaco,H,H,68.08969769389613,15.546876055161269,16.363426250942627,Home Win,True
2025-26,2026-01-21,League phase,Bayern Munich,Union SG,H,H,73.39866713691498,14.835005660232042,11.766327202852969,Home Win,True
2025-26,2026-01-21,League phase,Galatasaray,Atlético Madrid,D,A,25.07723636534275,20.829897764862526,54.09286586979473,Away Win,False
2025-26,2026-01-21,League phase,Atalanta,Athletic Club,A,H,57.93636189456501,20.140378567371613,21.923259538063377,Home Win,False
2025-26,2026-01-21,League phase,Chelsea,Pafos FC,H,H,65.83721456432662,18.136350044369458,16.026435391303917,Home Win,True
2025-26,2026-01-21,League phase,Newcastle,PSV,H,H,52.4178945037667,19.57360510009638,28.008500396136927,Home Win,True
2025-26,2026-01-21,League phase,Juventus,Benfica,H,H,54.887635033526315,18.818386554705924,26.29397841176775,Home Win,True
2025-26,2026-01-21,League phase,Qarabağ,Frankfurt,H,H,46.52361020975325,23.23982781461164,30.2365619756351,Home Win,True
2025-26,2026-01-21,League phase,Slavia Prague,Barcelona,A,A,19.740918356538067,16.501630287561404,63.75745135590053,Away Win,True
2025-26,2026-01-21,League phase,Marseille,Liverpool,A,A,24.880490013329254,21.66463347325489,53.45487651341586,Away Win,True
2025-26,2026-01-28,League phase,Club Brugge,Marseille,H,H,42.98178562873517,26.170276885639343,30.847937485625494,Home Win,True
2025-26,2026-01-28,League phase,Ajax,Olympiacos,A,H,51.47345396484084,26.67369870031131,21.85284733484784,Home Win,False
2025-26,2026-01-28,League phase,Arsenal,FC Kairat,H,H,71.39675518587026,17.474012469504196,11.129232344625555,Home Win,True
2025-26,2026-01-28,League phase,Athletic Club,Sporting CP,A,A,34.19835820892771,27.520104648146106,38.28153714292619,Away Win,True
2025-26,2026-01-28,League phase,Atlético Madrid,Bodø/Glimt,A,H,55.9656345878554,24.106930710390156,19.92743470175446,Home Win,False
2025-26,2026-01-28,League phase,Barcelona,FC Copenhagen,H,H,63.945954838974416,19.65387004844607,16.40017511257951,Home Win,True
2025-26,2026-01-28,League phase,Frankfurt,Tottenham,A,A,21.829052928622747,22.003391906913063,56.16755516446419,Away Win,True
2025-26,2026-01-28,League phase,Benfica,Real Madrid,H,A,30.08579038180154,21.16801511594558,48.746194502252884,Away Win,False
2025-26,2026-01-28,League phase,Dortmund,Inter,A,H,53.28503827232998,21.22464267458359,25.490319053086424,Home Win,False
2025-26,2026-01-28,League phase,Monaco,Juventus,D,A,32.450059700442864,22.86532465408488,44.68461564547225,Away Win,False
2025-26,2026-01-28,League phase,Leverkusen,Villarreal,H,H,55.218194499129666,24.52692890237395,20.254876598496377,Home Win,True
2025-26,2026-01-28,League phase,Napoli,Chelsea,A,H,45.58093881892438,21.992507401153624,32.426553779921996,Home Win,False
2025-26,2026-01-28,League phase,Union SG,Atalanta,H,A,26.604074761677825,32.46827119534436,40.92765404297782,Away Win,False
2025-26,2026-01-28,League phase,Paris SG,Newcastle,D,H,64.3064320245313,19.548906444570775,16.144661530897913,Home Win,False
2025-26,2026-01-28,League phase,Manchester City,Galatasaray,H,H,64.30621808135706,18.89548530389887,16.798296614744064,Home Win,True
2025-26,2026-01-28,League phase,PSV,Bayern Munich,A,A,30.361963580910473,19.91695209467009,49.72108432441943,Away Win,True
2025-26,2026-01-28,League phase,Liverpool,Qarabağ,H,H,71.33824935174296,16.818876474535347,11.842874173721693,Home Win,True
2025-26,2026-01-28,League phase,Pafos FC,Slavia Prague,H,H,52.31832686536262,22.321931039228048,25.359742095409345,Home Win,True
2025-26,2026-02-17,Knockout phase play-offs,Monaco,Paris SG,A,A,24.783626857105517,19.877110550628213,55.339262592266266,Away Win,True
2025-26,2026-02-17,Knockout phase play-offs,Galatasaray,Juventus,H,A,21.455329854836723,20.619743233794704,57.924926911368566,Away Win,False
2025-26,2026-02-17,Knockout phase play-offs,Benfica,Real Madrid,A,A,27.072346004209223,20.158409689666705,52.76924430612407,Away Win,True
2025-26,2026-02-17,Knockout phase play-offs,Dortmund,Atalanta,H,H,50.43297170591954,21.537208117628552,28.029820176451903,Home Win,True
2025-26,2026-02-18,Knockout phase play-offs,Olympiacos,Leverkusen,A,A,38.2371672785951,21.030800931173236,40.732031790231666,Away Win,True
2025-26,2026-02-18,Knockout phase play-offs,Qarabağ,Newcastle,A,A,23.66604628543511,22.830674165096596,53.50327954946829,Away Win,True
2025-26,2026-02-18,Knockout phase play-offs,Club Brugge,Atlético Madrid,D,A,25.10187719998973,21.446658876416294,53.45146392359397,Away Win,False
2025-26,2026-02-18,Knockout phase play-offs,Bodø/Glimt,Inter,H,A,37.67439977111029,24.419900869832226,37.905699359057486,Away Win,False
2025-26,2026-02-24,Knockout phase play-offs,Leverkusen,Olympiacos,D,H,47.43707043863098,26.578029099233095,25.98490046213591,Home Win,False
2025-26,2026-02-24,Knockout phase play-offs,Newcastle,Qarabağ,H,H,70.58732552120229,16.77735270860011,12.635321770197594,Home Win,True
2025-26,2026-02-24,Knockout phase play-offs,Inter,Bodø/Glimt,A,H,41.08784275198848,26.693759343462077,32.21839790454945,Home Win,False
2025-26,2026-02-24,Knockout phase play-offs,Atlético Madrid,Club Brugge,H,H,58.67858225190451,21.03603527976227,20.28538246833321,Home Win,True
2025-26,2026-02-25,Knockout phase play-offs,Atalanta,Dortmund,H,H,46.38737570969963,22.84326531014574,30.76935898015464,Home Win,True
2025-26,2026-02-25,Knockout phase play-offs,Juventus,Galatasaray,H,H,59.495456629713836,19.857055741038206,20.64748762924796,Home Win,True
2025-26,2026-02-25,Knockout phase play-offs,Paris SG,Monaco,D,H,67.60979250472705,16.92938357744069,15.460823917832261,Home Win,False
2025-26,2026-02-25,Knockout phase play-offs,Real Madrid,Benfica,H,H,66.07909870741892,17.93870441117973,15.98219688140135,Home Win,True
2025-26,2026-03-10,Round of 16,Galatasaray,Liverpool,H,A,22.384482302073877,18.520085451317964,59.09543224660816,Away Win,False
2025-26,2026-03-10,Round of 16,Newcastle,Barcelona,D,H,49.53259344189519,22.2116471172286,28.255759440876204,Home Win,False
2025-26,2026-03-10,Round of 16,Atlético Madrid,Tottenham,H,H,51.99494602135459,20.16099442433608,27.844059554309332,Home Win,True
2025-26,2026-03-10,Round of 16,Atalanta,Bayern Munich,A,A,28.62586967580564,21.40371662515742,49.97041369903694,Away Win,True
2025-26,2026-03-11,Round of 16,Bodø/Glimt,Sporting CP,H,H,46.09371931257915,22.189168928925714,31.717111758495147,Home Win,True
2025-26,2026-03-11,Round of 16,Leverkusen,Arsenal,D,A,28.139965121493344,19.54388930548329,52.31614557302336,Away Win,False
2025-26,2026-03-11,Round of 16,Paris SG,Chelsea,H,H,56.67196304445563,20.262926831626736,23.065110123917627,Home Win,True
2025-26,2026-03-11,Round of 16,Real Madrid,Manchester City,H,H,60.276832818046614,18.439854083334552,21.28331309861883,Home Win,True
2025-26,2026-03-17,Round of 16,Chelsea,Paris SG,A,H,51.076502065573415,20.203655742226438,28.719842192200147,Home Win,False
2025-26,2026-03-17,Round of 16,Sporting CP,Bodø/Glimt,H,H,45.33897345467247,23.479812818286845,31.181213727040678,Home Win,True
2025-26,2026-03-17,Round of 16,Arsenal,Leverkusen,H,H,64.0080002213163,19.155810249317508,16.83618952936618,Home Win,True
2025-26,2026-03-17,Round of 16,Manchester City,Real Madrid,A,H,46.93907155944788,23.8358750957884,29.225053344763722,Home Win,False
2025-26,2026-03-18,Round of 16,Liverpool,Galatasaray,H,H,68.0169853895559,18.141621789943308,13.841392820500806,Home Win,True
2025-26,2026-03-18,Round of 16,Tottenham,Atlético Madrid,H,H,51.660679657101284,20.35939168950186,27.97992865339688,Home Win,True
2025-26,2026-03-18,Round of 16,Bayern Munich,Atalanta,H,H,69.62921673427422,16.510374772728646,13.86040849299713,Home Win,True
2025-26,2026-03-18,Round of 16,Barcelona,Newcastle,H,H,63.99188813935408,19.046774262190585,16.961337598455323,Home Win,True
2025-26,2026-04-07,Quarter-finals,Real Madrid,Bayern Munich,A,H,45.87008306694303,19.225622956701855,34.90429397635511,Home Win,False
2025-26,2026-04-07,Quarter-finals,Sporting CP,Arsenal,A,A,33.43912946708895,18.94637500935635,47.61449552355471,Away Win,True
2025-26,2026-04-08,Quarter-finals,Barcelona,Atlético Madrid,A,H,58.72160033121278,18.677590624994355,22.600809043792868,Home Win,False
2025-26,2026-04-08,Quarter-finals,Paris SG,Liverpool,H,H,52.76533534952622,20.97202470460647,26.262639945867317,Home Win,True
2025-26,2026-04-14,Quarter-finals,Atlético Madrid,Barcelona,A,H,44.620427237401785,20.262104706050174,35.11746805654805,Home Win,False
2025-26,2026-04-14,Quarter-finals,Liverpool,Paris SG,A,H,58.61939248719972,20.65188764976366,20.72871986303663,Home Win,False
2025-26,2026-04-15,Quarter-finals,Bayern Munich,Real Madrid,H,H,53.37513452027369,22.613879949140888,24.010985530585433,Home Win,True
2025-26,2026-04-15,Quarter-finals,Arsenal,Sporting CP,D,H,64.65259221408184,18.96979213221129,16.377615653706876,Home Win,False
2025-26,2026-04-28,Semi-finals,Paris SG,Bayern Munich,H,H,42.1711600056343,21.794250412171163,36.03458958219454,Home Win,True
2025-26,2026-04-29,Semi-finals,Atlético Madrid,Arsenal,D,H,46.02290947434697,18.67787456187028,35.29921596378275,Home Win,False
2025-26,2026-05-05,Semi-finals,Arsenal,Atlético Madrid,H,H,61.28533566795791,19.600644030854582,19.114020301187516,Home Win,True
2025-26,2026-05-06,Semi-finals,Bayern Munich,Paris SG,D,H,60.056034077924345,20.488021920530283,19.45594400154537,Home Win,False
2025-26,2026-05-30,Final,Paris SG,Arsenal,D,H,52.799528178009346,20.370496213855695,26.829975608134948,Home Win,False
